Text,Label
Prolonged screen time during the pandemic has been associated with various effects on mental health,1
"technology and screens have played a crucial role in staying connected, working, and accessing information during lockdowns",0
"Staring at screens for extended periods can lead to digital eye strain, characterized by symptoms such as headaches, dry eyes, and blurred vision",1
"Exposure to the blue light emitted by screens, especially before bedtime, can interfere with the production of melatonin, a hormone that regulates sleep",1
Poor sleep quality and disrupted sleep patterns can contribute to feelings of fatigue and mood disturbances,1
Constant exposure to news and social media updates about the pandemic can contribute to heightened stress and anxiety levels,1
Information overload and negative news can be overwhelming and contribute to a sense of uncertainty and fear,1
"technology has facilitated virtual communication, it cannot fully replace in-person interactions",0
"Excessive screen time often correlates with a sedentary lifestyle, which can negatively impact physical health",0
Social media platforms can contribute to feelings of inadequacy and low self-esteem as individuals compare their lives to curated online representations of others,1
"Remote work and virtual schooling have blurred the boundaries between work, school, and personal life",0
Social media plays a complex role in mental health during the COVID-19 pandemic,0
Social media platforms are sources of real-time information about the pandemic,0
"the constant flow of news, updates, and opinions can lead to information overload, contributing to heightened anxiety and stress",1
Seeing others' posts about activities or experiences during the pandemic can trigger feelings of inadequacy or the fear of missing out,1
Increased screen time and reliance on digital communication can amplify the risk of cyberbullying,1
"Negative interactions, online harassment, or the spread of hurtful content can have severe consequences for mental health",1
social media can provide a platform for support and coping strategies,0
"Online communities and groups focused on mental health, wellness, and shared experiences can offer valuable resources and a sense of belonging",0
"Excessive use of social media, particularly before bedtime, can contribute to poor sleep quality",1
"Sleep disturbances can impact mood, cognitive function, and overall mental well-being",1
Balancing virtual interactions with real-world connections and focusing on positive and uplifting content can contribute to a healthier relationship with social media,0
Social media platforms are sources of real-time information about the pandemic,0
Misinformation on social media can also be a source of confusion and fear.,1
Remote work can lead to a sense of isolation and loneliness,1
"The boundaries between work and personal life may become blurred, making it challenging for individuals to ""switch off"" from work-related stressors.",1
Constant use of digital devices for work-related tasks can contribute to technology overload,1
Virtual learning can result in a lack of in-person interaction with peers and educators,1
"Disparities in access to technology and a stable internet connection can exacerbate existing inequalities, creating challenges for students who may struggle with virtual learning due to these limitations.",1
Designating specific work hours and a dedicated workspace can help maintain a healthy balance,0
"Regular virtual meetings, team-building activities, and informal check-ins can help combat feelings of isolation",0
"Prioritizing self-care, including breaks, physical activity, and relaxation, is essential for managing stress and preventing burnout.",0
"Taking breaks from screens, practicing the 20-20-20 rule, and incorporating non-digital activities into daily routines can help mitigate the impact of prolonged screen time.",0
"Persistent reliance on online activities, such as social media, gaming, or streaming, can lead to digital addiction",1
Relying on virtual interactions may replace or limit real-world social connections,1
"Constant exposure to such content can lead to social comparison and negatively impact self-esteem, potentially contributing to long-term mental health issues.",1
"Online environments can sometimes foster a culture of perfectionism, cyberbullying, and constant comparison",1
"Unhealthy online habits, such as excessive gaming or social media use, may strain relationships with family, friends, and romantic partners. Neglecting real-world connections in favor of online interactions can lead to relationship difficulties.",1
seek support if online activities negatively impact their mental health,0
: One positive aspect of the shift to online activities is increased flexibility in daily schedules,0
time-saving aspect of remote work or virtual learning can contribute to a more relaxed morning routine and potentially reduce stress associated with commuting,0
Some individuals may experience social isolation and a lack of in-person socialization,1
"The abrupt shift to online activities has required individuals to adapt quickly to new tools, platforms, and modes of communication. The stress associated with adapting to change can impact mental well-being.",1
"the shift to online work has coincided with economic uncertainty, job losses, or changes in employment conditions.",1
"Individuals with limited access may face challenges in fully participating in remote work or virtual learning, impacting their overall well-being",1
"Maintaining open communication, setting boundaries, and prioritizing well-being are crucial elements in navigating the evolving landscape of online activities",0
Balance your online activities with offline pursuits,0
"Techniques such as deep breathing, meditation, or progressive muscle relaxation can help alleviate stress.",0
Use mindfulness apps or guided meditation sessions to assist you in developing a regular practice,0
Use mindfulness apps or guided meditation sessions to assist you in developing a regular practice,0
Create a relaxing pre-sleep routine that doesn't involve screens to improve sleep quality.,0
Therapy or counseling can provide support and coping strategies tailored to your specific needs,0
Consuming predominantly negative or sensationalized news can contribute to increased stress and anxiety,1
"News and social media often amplify fears and uncertainties, especially during crises or challenging times",1
"Online algorithms may create filter bubbles and echo chambers, exposing individuals to information that aligns with their existing beliefs",1
The anonymity of online platforms may contribute to a toxic environment that fosters negativity,1
"Constantly checking notifications, seeking validation through likes or comments, and the fear of missing out can negatively impact mental well-being.",1
Consuming a particular type of content can contribute to selective attention and cognitive bias,1
"Positive and supportive online communities can offer encouragement, motivation, and a sense of belonging, promoting mental well-being",0
"Prolonged screen time, whether for work or leisure, can lead to digital fatigue. This may manifest as irritability, restlessness, or a general sense of exhaustion, affecting your overall mood",1
Real-world interactions are essential for maintaining a sense of community and emotional well-being,0
Online interactions can sometimes lack the empathy and nuance present in face-to-face communication.,1
"Engaging in online courses, webinars, or educational resources can contribute positively to mental well-being by promoting continuous learning and personal growth",0
"Engaging in platforms that encourage creative expression, such as art or writing communities, can be a positive outlet for emotions and stress relief",0
"Over-reliance on social platforms for social interactions, especially in the absence of in-person connections, can lead to feelings of isolation and negatively impact mental well-being.",1
"It's crucial to recognize that the impact of online activities can vary based on individual preferences, habits, and vulnerabilities",1
"Online platforms can provide access to a wide range of educational resources, facilitating self-directed learning",0
"Some individuals find it challenging to stay engaged in a virtual environment, leading to reduced focus and motivation",1
The uncertainty surrounding the pandemic and the transition to online learning can contribute to heightened stress and anxiety.,1
"The transition to online learning, especially during the COVID-19 pandemic, has brought about significant changes in how students and educators interact.",1
The absence of physical presence can lead to a sense of disconnection.,1
"Collaborative projects and group work may be more challenging in a virtual environment, impacting the sense of teamwork and shared academic experiences",1
Technical difficulties or issues with virtual platforms can disrupt communication,1
"Distractions at home, the lack of physical presence, and screen fatigue can contribute to challenges in maintaining sustained focus during virtual classes.",1
"Procrastination, lack of accountability, and the blurred boundary between work and personal spaces can lead to challenges in maintaining consistent productivity.",1
Some individuals may feel more productive in managing their time and assignments with the flexibility offered by online classes,0
challenges in adapting to new technologies can contribute to stress and negatively impact mental health.,1
the ability to personalize the learning environment may positively impact mental well-being for some individuals,0
"Use time management techniques, such as the Pomodoro Technique, to maintain focus during study sessions",0
Periodically assess the effectiveness of your balance strategies. Make adjustments based on changing circumstances or feedback.,0
individuals often face specific challenges in building and maintaining meaningful connections with classmates or professors in an online learning environment.,1
"Virtual communication, often relying on text-based methods or asynchronous communication, may lack the nuance and immediacy of face-to-face conversations, leading to potential misunderstandings",1
"Students from different time zones may experience challenges in coordinating schedules for synchronous activities, reducing the opportunity for real-time interactions.",1
"Lack of non-verbal cues in virtual interactions can make it challenging to interpret emotions, potentially hindering the development of meaningful connections.",1
The planned and structured nature of online classes may lack the spontaneous interactions that often occur before or after in-person classes.,1
"When possible, use video conferencing tools to enhance communication by incorporating visual cues",0
Propose virtual coffee chats or informal meetings to get to know classmates or instructors on a more personal level.,0
"If unclear about assignment requirements or exam content, seek clarification from instructors.",0
Students may not be fully aware of the mental health resources available to them in an online learning setting,1
Some people may have concerns about the privacy of virtual mental health services and may be hesitant to use them,1
Stigma around seeking mental health support and hesitancy to discuss mental health concerns may impact students' willingness to access resources,1
"Institutions can offer clear and user-friendly interfaces for online mental health platforms, provide step-by-step guides, and offer support for those who may need assistance",0
"many individuals find it challenging to disengage from screens after completing online academic activities, and this difficulty can indeed impact their ability to relax and unwind",1
Constant engagement with digital devices can contribute to mental fatigue and a sense of information overload,1
Use blue light filters on devices during the evening to reduce the impact of blue light on sleep patterns,0
Platforms that bombard users with constant notifications may contribute to a sense of overwhelm. Managing notification settings and setting boundaries can be crucial.,1
Platforms that bombard users with constant notifications may contribute to a sense of overwhelm. Managing notification settings and setting boundaries can be crucial.,0
The expectation to perform well academically in a traditional setting may contribute to stress or performance pressure,1
"Individuals may worry about reintegrating into social circles, especially if there have been changes in friend groups or social dynamics during the period of remote learning",1
"If academic pressure is a concern, seek academic support services. This may include tutoring, counseling, or discussions with instructors about expectations.",0
"physical symptoms are common manifestations of anxiety, and someone may notice a range of physical reactions when experiencing heightened anxiety levels",1
"Anxiety can lead to an elevated heart rate, palpitations, or a feeling of a racing heart",1
"Anxiety often causes muscle tension, stiffness, or a feeling of tightness in various parts of the body.",1
"Shallow or rapid breathing, a sensation of breathlessness, or even hyperventilation can occur during periods of heightened anxiety.",1
Feeling dizzy or lightheaded may occur due to changes in blood flow and circulation associated with anxiety.,1
"A general sense of restlessness, feeling on edge, or being unable to relax is a common emotional and physical manifestation of anxiety.",1
"Financial stress, job insecurity, and economic downturns can contribute to anxiety about the future.",1
"Anticipation of unknown future events, the duration of the pandemic, and uncertainties about when life will return to ""normal"" can be anxiety-inducing",1
"The uncertainty about the duration and resolution of the pandemic, as well as the unpredictability of future developments, can be a significant source of frustration.",1
"Frustration may arise from challenges related to vaccine distribution, access, and the pace of the vaccination rollout.",1
Talking about feelings can provide a sense of relief.,0
Adjusting expectations and setting realistic goals can help individuals navigate challenges without feeling overwhelmed.,0
"Taking breaks from stressful situations, whether it's a short walk, a moment of quiet, or a change of environment, can provide a mental reset",0
"Changes to daily routines, including work, social activities, and personal habits, can be disruptive and contribute to feelings of irritability.",1
"Coping strategies that focus on stress management, self-care, and seeking support from friends, family, or mental health professionals can be beneficial.",0
Resilience helps navigate setbacks with a constructive mindset.,0
Taking a warm bath or shower can be a simple yet effective way to unwind and create a sense of comfort.,0
"Feelings of loneliness have been a common experience for many individuals, especially during periods of social distancing and isolation",1
"With schools and universities closing physical campuses, there has been a rapid transition to online and remote learning platforms.",1
Some students may feel less motivated or involved in virtual classes compared to traditional classroom settings,1
The lack of in-person interactions can contribute to feelings of isolation and loneliness.,1
"Seek information from reliable sources to stay informed, but limit exposure to excessive news coverage.",1
"Inconsistent sleep patterns, such as varying bedtime and wake-up times, can impact the body's internal clock.",1
Consuming caffeine or stimulants close to bedtime can interfere with the ability to wind down.,1
":** An uncomfortable sleep environment, such as a noisy or overly bright room, can impact relaxation.",1
"Engaging in mentally stimulating activities, such as work or intense discussions, close to bedtime can hinder relaxation.",1
Lack of a consistent pre-sleep routine can make it difficult for the body to signal that it's time to wind down.,
